participant_id,language
002,english
003,chinese
004,chinese
005,english
006,chinese
007,chinese
008,english
009,chinese
011,english
014,english
015,english
020,english
021,chinese
023,chinese
024,chinese
025,chinese
026,english
027,chinese
030,english
031,english
032,english
035,english
037,english
038,english
039,chinese
040,english
041,english
044,chinese
045,chinese
046,english
047,chinese
048,chinese
050,english
051,chinese
052,english
053,chinese
054,chinese
056,chinese
057,english
063,chinese
064,chinese
065,chinese
066,chinese
067,chinese
068,english
069,english
070,english
071,english
072,chinese
073,chinese
076,english
077,english
078,english
079,english
080,chinese
082,chinese
083,english
086,chinese
088,english
090,chinese
091,english
092,chinese
093,chinese
094,chinese
095,english
096,chinese
097,chinese
098,chinese
099,english
100,chinese
101,english
102,english
104,english
105,chinese
106,chinese
107,chinese
108,chinese
109,chinese
110,chinese
111,chinese
112,english
113,english
115,english
116,english
117,english
118,english
120,english
121,chinese
122,chinese
124,english
125,english
126,english
127,chinese
128,chinese
129,chinese
130,chinese
131,chinese
132,chinese
134,chinese
136,chinese
137,english
138,english
139,english
140,english
141,chinese
142,chinese
143,chinese
144,chinese
145,english
148,english
149,english
151,english
153,chinese
154,english
156,chinese
157,chinese
158,english
159,chinese
160,chinese
161,chinese
162,chinese
163,english
164,chinese
165,chinese
167,english
169,english
